	text	label	label_text

0	 Erster Theil	0	narrator

1	Erstes Buch Erstes Kapitel.	0	narrator

2	Der Haidekretscham.	0	narrator

3	Ein ansehnlicher Theil der beiden Lausitzen, namentlich die früher unter sächsischer Botmäßigkeit stehende Niederlausitz, ist mit unermeßlichen Kieferwaldungen bedeckt, welche unter dem Namen der großen Haide bekannt sind.	0	narrator

4	Diese ungeheuren Wälder, auf deren feinem Sandboden nur Haidekraut und dürre Gräser Nahrung finden, erstrecken sich bis in die Nähe der Stadt Görlitz und bergen in ihrem schattigen Dunkel mehrere Städte und eine Menge Dörfer, so wie einzeln gelegene Häuser und Vorwerke.	0	narrator

5	Hie und da unterbricht ein niedriger Höhenzug das einförmige Dickicht, von dem herab man die schwarze Waldung meilenweit übersehen kann.	0	narrator

6	Am Fuße solcher meist kahlen Hügel haben sich an Waldbächen, deren Gewässer grünen Wiesenbänder um die gelben Sandflächen winden, genügsame Menschen angesiedelt, um von Kohlenbrennerei, von Fischfang, dürftigem Ackerbau, Handarbeit und Bienenzucht kümmerlich zu leben.	0	narrator

7	Ergiebiger wird der Boden der Haide an den Grenzen der Oberlausitz.	0	narrator

8	Hier durchschneiden fruchtbare Thäler die rauschende Waldung, ansehnliche tiefe und bereits schiffbare Flüsse bewässern das umliegende Land und sichern den Anwohnern eine heiterere Existenz als ihren in den dürren Haideflächen versteckten Brüdern.	0	narrator

9	Weiterhin gegen die Mark zu verliert sich das fruchtbare Erdreich wieder und die ganze Haide verwandelt sich in einen ungeheuren waldigen Moorbruch, den zahllose Flüßchen, Bäche, Kanäle und Teiche durchschneiden, und in welchem noch ein eigenthümliches Völkchen mit alterthümlichen Sitten still und zurückgezogen haust.	0	narrator

10	Es sind die Bewohner des Spreewaldes.	0	narrator

11	Durch die ermüdende Oede jener sandigen Haide schleppte sich in den letzten Tagen des Septembers 1832 ein ärmliches Fuhrwerk, dessen gebrechlicher Bauart man es ansah, daß es polnischen Juden angehören müsse.	0	narrator

12	Die Räder waren theilweise ohne Schienen, eine zerlöcherte und mit hundert Flicken besetzte Plane von schmutzig grauer Leinwand war über halb zerknickte Reifen ausgespannt, um die darunter Sitzenden gegen Wind und Wetter zu schützen.	0	narrator

13	In liederlichem Geschirr, an Strängen mit zahllosen Knoten und Troddeln, gingen drei muntere polnische Pferde, von denen zwei an die Deichsel, das dritte nach polnischer Sitte mittelst einer Kette an die Achse des Hinterrades gespannt war.	0	narrator

14	Dies letztere Thier, jung und feurig, versuchte selbst in dem fußtiefen Sande häufig zu galoppiren, was ihm bei dem langsamern Schritt der beiden andern Pferde nicht recht gelingen wollte.	0	narrator

15	Vorn in der sogenannten Kelle saß ein untersetzter Kerl im langen schmutzigen Rock der gemeinen polnischen Trödeljuden.	0	narrator

16	Ein struppiger Bart von unsicherer Farbe bedeckte sein ganzes blaurothes Gesicht, ein vielfach eingebogener Filzhut, hie und da zerbrochen, seinen Kopf.	0	narrator

17	In Ermangelung eines Stützbretes für die Füße ließ er die in starken juchtenen Stiefeln steckenden Beine zu beiden Seiten der Deichsel herabbaumeln, so daß sie, wenn die Räder im Sande tief einsanken, oft den Boden streiften. Im Innern dieses Fuhrwerks saßen ein Greis und ein Jüngling von etwa siebzehn Jahren, und auf der an der Seite des Wagens angebrachten eisernen Stiege stand ein jüdischer Knabe von etwa funfzehn Jahren und hielt sich mit beiden Händen an den Tragreifen der Plane fest, um nicht das Gleichgewicht zu verlieren.	0	narrator

18	Dies polnische Fuhrwerk hatte in schräger Richtung auf einem der vielen tiefen Sandwege die Haide aus der Gegend von Priebus her durchschnitten und erreichte jetzt eine hochgelegene Waldblöße, über die eine etwas besser gehaltene Landstraße führte.	0	narrator

19	Links am Fuße des Haidehügels in grünem, von vielen Gräben durchschnittenen Wiesengrunde lag ein Schenkhaus mit Stallung, Scheuer und Schuppen.	0	narrator

20	Hinter den Wiesen sah das graue Dach einer Torfgräberhütte unter den Bäumen hervor, und weiter hin beschrieb die Haide einen schmalen Bogen, durch welchen man die blauen Wasserspiegel mehrerer großer Teiche im Abendschein blinken sah.	0	narrator

21	Die Sonne war dem Untergang nahe und ließ hinter blaugrauen Wolkenschichten eine Menge jener breiten Strahlen auf die Erde fallen, welche der Landmann für Vorzeichen nahen Regens hält.	0	narrator

22	Die breite schwarze Haide jenseits der Teiche ward dabei stellenweise blendend hell erleuchtet, während der Horizont purpurn erglühte	0	narrator

23	sowohl	0	narrator

24	den interessanten Gebirgsknoten der weit bekannten Königshainer Berge, als auch die einsam gelegene hohe Doppelluppe der Landeskrone mit blitzendem Gold überströmte.	0	narrator

25	Nach dem Einerlei der Haide mußte dieser unerwartete Anblick einer fernen schönen Gebirgsgegend das Auge der Reisenden erquicken.	0	narrator

26	Auch war der polnische Fuhrmann wirklich so überrascht, daß er unwillkürlich die Pferde anhielt und einige Sekunden die heitere Aussicht dummdreist angaffte.	0	narrator

27	Mehr aber noch, als die farbigen Tinten der Abendbeleuchtung, schien dem Juden ein röthlicher Feuerschein in die Augen zu stechen, der aus dem unfern im Thale gelegenen Schenkhause vertraulich einladend heraufwinkte.	0	narrator

28	Fragend sah er sich um nach dem Greise und zeigte dabei mit der Peitsche nach dem rauchenden Schornsteine der Thalschenke.	0	narrator

29	Der Greis nickte bejahend und in leichtem Trabe flog das ärmliche Fuhrwerk den Sandweg hinab und lenkte in den offen stehenden Thorweg des Gehöftes.	0	narrator

30	Ein Knecht, unter dem Schuppen mit Holzspalten beschäftigt, ging den Fremden entgegen behandelte aber den hastig fragenden Juden sehr kurz und machte sich mehr mit den hübschen wohlgenährten Pferden zu thun.	0	narrator

31	Erst als der Greis mit seinem jugendlichen Begleiter abstieg und ihn in wendischer Sprache anredete, erheiterte sich sein Gesicht.	0	narrator

32	Er reichte beiden Fremden die Hand, sagte ihnen ebenfalls auf wendisch, daß sie ein vortreffliches Nachtquartier bekommen sollten, und geleitete sie bis an die Hausthür, ein paar Bündel und Packen dienstfertig ihnen nachtragend.	0	narrator

33	Der Greis war ein hoch gewachsener, von der Last der Jahre nur wenig gekrümmter Mann.	0	narrator

34	Er trug sich ziemlich altmodisch und vollkommen bäurisch.	0	narrator

35	Kurze Beinkleider von schwarzem Leder bedeckten kaum das Knie, blauwollene Strümpfe schützten die Beine und grobe rindslederne Schuhe mit großen messingenen Schnallen umschlossen seine Füße.	0	narrator

36	Außerdem trug er einen dunkelblauen Tuchrock, der von oben bis unten mit sehr breiten übersponnenen Knöpfen besetzt war, über der Brust aber bloß durch zwei silberne Heftchen zusammengehalten wurde und eine bis an den Hals zugeknöpfte Weste von hellerem Tuch sehen ließ.	0	narrator

37	Ein niedriger runder Hut mit sehr breiter muldenartig aufwärts gebogener Krempe bedeckte sein schneeweißes starkes Haupthaar.	0	narrator

38	Als er diesen an der Schwelle des Hauses abnahm, mußte ein fingerbreiter Riemen von schwarzem Glanzleder, den der Alte um das Haar gelegt und vorn auf der Stirn mittelst einer Silberschnalle befestigt hatte, die einen auffliegenden Habicht darstellte, Jedermann auffallen.	0	narrator

39	Dieser Riemen hielt die reiche Haarfülle des Greises fest zusammen und gab dem stramm Einherschreitenden eine überraschende Aehnlichkeit mit irgend einem Helden des Alterthums, wie wir sie aus Abbildungen auf antiken Münzen kennen. Schon von dem Waldhügel herab hatte der Greis die am Wiesenrande liegende Schenke an ihrer ganzen Bauart, noch mehr an dem leuchtenden Heerd- oder Kaminfeuer für einen der vielen gastlichen Haidekretschame erkannt, die in den endlosen Wäldern zerstreut liegen.	0	narrator

40	Er schien darüber sehr erfreut zu sein und seine strengen, tief gefurchten Züge, die in einem Zeitraume von mehr als achtzig Jahren vielen Kummer und schweres Herzeleid erfahren haben mochten, heiterten sich etwas auf, als er in die Schenkstube trat.	0	narrator

41	Es kam ihm Alles darin so bekannt vor, daß er den Arm seines jungen Begleiters drückte und auf der Thürschwelle stehen bleibend mit leiser Stimme zu ihm sagte: »Sieh, Paul, das ist die Heimath Deiner Väter!«	1	character

42	Der Wirth stutzte, als er diese obwohl in deutscher Sprache gemachte Bemerkung hörte und rückte mit größerer Eile, als er sonst zu thun pflegte, ein paar Schemel an den großen in der südlichen Stubenecke befindlichen Tisch.	0	narrator

43	Inzwischen sah der Jüngling sich neugierig im Zimmer um, wo der umfangreiche Kachelofen mit dem großen hellpolirten kupfernen Ofentopfe, und daneben der in die Wand eingemauerte Kamin, auf dem ein knisterndes Kienfeuer hochauf loderte und die dämmernde Stube mit grellem Lichtschein beleuchtete, besonders seine Aufmerksamkeit zu fesseln schienen.	0	narrator

44	Auf der Ofenbank dem Kaminfeuer zunächst saß eine bejahrte Frau mit hagerm, bleichem Gesicht und drehte rastlos beim Schein der Flamme die Spindel.	0	narrator

45	Sie war in schwarze Stoffe gekleidet, nur um das ergrauende Haar, die Stirn mehr als zur Hälfte bedeckend, hatte sie ein zwei Hände breites weißes Tuch geschlungen, das am Hinterkopf in zwei steif auslaufende ohrenähnliche Zipfel zu einem Knoten verknüpft war.	0	narrator

46	Sie sah die Fremden mit großen neugierigen Augen an, ohne sie zu grüßen oder ihren Gruß zu erwiedern, und drehte dann emsig die Spindel fort, dann und wann leise mit sich selbst redend.	0	narrator

47	Ihr ganzes Benehmen ließ errathen, daß sie geistesschwach oder vor Alter kindisch geworden sein mußte. »Ich bitte um Nachtquartier für mich und meine Leute,« sagte jetzt der ernste Greis, am Tische Platz nehmend.	1	character

48	»Eine gute Streu und ein Gericht Kartoffeln oder Haidegrütze werdet Ihr wohl für uns haben.« »Für Euch gäb's wohl auch noch ein Stück geräuchertes Fleisch und frisches Sauerkraut,« fiel der Wirth ein, »und dazu möcht' ich Euch rathen, damit Euer Knecht nicht Hunger leiden darf.	1	character

49	Mit Erlaubniß, Ihr kommt aus Polen?«	1	character

50	»Tief aus Polen!	1	character

51	« »Nun ich will hoffen, daß Ihr nicht zu den Rebellen gehört und Eure Papiere in Richtigkeit sind.	1	character

52	Die Gensdarmen sind jetzt wachsamer und strenger als vor Jahr und Tag;	1	character

53	denn die Haiden stecken voll verlaufenen Gesindels, das sich heimlich über die Grenzen geschlichen hat.« »Mein Paß steht Euch zu Diensten.« 	1	character

54	»Daß mich Gott bewahre!	1	character

55	Meinethalb frag' ich nicht, es geschieht blos der Sicherheit der Reisenden wegen.	1	character

56	Gäb's nicht	1	character

57	Gensdarmerie, mir zu Gefallen brauchten die Pässe	1	character

58	, weiß Gott, nicht erfunden worden zu sein!	1	character

59	Ihr seid kein Pole scheint mir?	1	character

60	»Von Geburt nicht.«	1	character

61	»Sah's Euch gleich an, alter Vater	1	character

62	So ehrlich und treuherzig wie Ihr, sieht kein polnischer Bauer aus.« »Muß ich denn gerade ein Bauer sein?« versetzte der Fremde.	1	character

63	»Heut zu Tage trägt mancher einen Rock, der nicht auf seinen Leib gemacht ist.« »	1	character

64	Das trifft sich wohl, alter Vater, indeß	1	character

65	wer so viel mit Menschen verschiedenen Schlages umgehen muß, wie der Wirth eines Haidekretschams, der bekommt ein scharfes Auge, glaubt mir's, und so leicht ist ihm nicht etwas weiß zu machen!	1	character

66	Ja, ich wollte wetten, daß mehr altwendisches als deutsches Blut in Euren Adern fließt!«	1	character

67	Der Greis sah den Wirth nach dieser Bemerkung mit seinen hellen dunkelblauen Augen scharf an, und da er einen ehrlichen Mann in ihm zu entdecken glaubte, nickte er und rief ihm den wendischen Gruß »Bomhai boh!« zu, denn bisher war das Gespräch deutsch geführt worden.	1	character

68	Schnell und heiter entgegnete der Wirth »Wersh bomhasi!« schüttelte beiden Gästen die Hand und setzte mit Lebhaftigkeit und jener traulichen Freundlichkeit und sorglos-heitern Laune, die den Wenden eigen ist, die Unterhaltung fort.	1	character

69	Inzwischen war auch der jüdische Knecht mit seinem Sohne in das Zimmer getreten und hatte sich abseits vom Schenktische, dem Ofen gegenüber, an einen besondern Tisch gesetzt.	0	narrator

70	Sie verlangten Schnaps und trockenes Brod mit Salz, das ihnen nebst einem Glase Bier ein junges Mädchen vorsetzte.	0	narrator

71	Das Mädchen war stark und kräftig, strotzte von Gesundheit und schien sich um Druck und Noth der Zeit keine Sorge zu machen.	0	narrator

72	Es richtete einige Fragen an die emsige Spinnerin, erhielt aber keine Antwort.	0	narrator

73	Erst, als sie ziemlich heftig ihre Fragen wiederholte und dabei aus Versehen den Faden am Rocken zerriß, sah die alte Frau erzürnt auf.	0	narrator

74	Ein paar Sekunden schien es, als wolle sie eine Fluth von Schimpfreden über das Mädchen ausgießen, plötzlich aber ward ihr Gesicht wieder ernst, ein wehmüthiges Lächeln spielte um den reizlosen faltigen Mund, und den Faden wieder anknüpfend und mit größerer Emsigkeit die Spindel drehend, summte sie erst leise, dann immer lauter eine jener melancholischen Liederweisen vor sich hin, die noch heut bei den Wenden der Lausitzen in Gebrauch sind.	0	narrator

75	Nachdem sie mehrere Verse unverständlich geflüstert hatte, erhob sie plötzlich ihre Stimme ganz laut und der fremde Greis verstand die Worte: »Hinaus sie ihn trugen, Viel Volk hinterher, Jüdevoi!	1	character

76	Vor allen sein Liebchen Ging zwischen zwei Andern, Jüdevoi!	1	character

77	Das Mägdelein weinte Und brach ihre Hände, Jüdevoi!	1	character

78	Bruchstücke noch jetzt unter den Wenden gäng und geber Volkslieder.	0	narrator

79	Hier ließ sie die Stimme sinken, so daß die nächsten Verse den Zuhörern unverständlich blieben, dann aber, die Spindel heftig an sich reißend, an ihren Brustlatz stemmend und den Faden aufwickelnd, fiel sie wieder laut ein:	0	narrator

80	»Für mich starb der Liebste, Für ihn will ich sterben, Jüdevoi!	1	character

81	Hier hab' ich zwei Messer, Die hat er gekauft mir, Jüdevoi! 	1	character

82	Eins senkte sie in sich, Warf's and'r hint'r ihm her, Jüdevoi!.	1	character

83	Begrabt nun uns Beide Dort unter die Linde! Jüdevoi!« Abermals ließ sie die Stimme sinken und erhob sie erst beim letzten Verse wieder zu verständlichem Gesange, indem sie äußerst langsam in zitternden Tönen und Thränen vergießend mehr rief als sang: »Sie liebten sich Beide – In Eines verflochten, Jüdevoi!	1	character

84	In Eines verflochten.«	1	character

85	Mit steigender Aufmerksamkeit hatte der junge Begleiter des Greises den Gesang verfolgt.	0	narrator

86	Als nun die spinnende Alte am Schlusse des Liedes die Spindel auf ihren Schooß sinken ließ und schluchzend das Gesicht in die magern Hände drückte, sagte Paul, zu dem Greise gewandt:	0	narrator

87	»Großvater, war das nicht meiner verstorbenen Mutter Lieblingslied?« »Es war das Lied, das sie nimmer vergessen konnte, die arme Seele!« erwiederte die alte Wende.	1	character

88	Man kennt und singt es, so wenn die wendische Sprache reicht, zumal, wenn man ein selbst erlebtes Unglück zu beweinen hat.	1	character

89	Aber wie, Herr Wirth, wie kommt die alte Mutter zu dem Liede?« 	1	character

90	Der Wirth zuckte die Achseln.	0	narrator

91	»David wäre viel zu erzählen,« versetzte er, »wenn ich Euch mit den Einbildungen einer schwachsinngen alten Frau unterhalten wollte.	1	character

92	Wir sind darauf gewöhnt und lassen uns nicht mehr durch ihre Gesänge stören.	1	character

93	Wohl zehn-und mehrmal täglich pflegt sie das alte Lied abzuleiern, so oft sie ein junges Mädchengesicht erblickt.	0	narrator

94	Es scheint, sie bildet sich dann ein, ihre Tochter stände vor ihr, die ein schlechtes Ende nahm in Folge einer leichtsinnigen Liebelei.	1	character

95	Eine alte Klage aller Aeltern, die nie ganz aufhören wird, so lange es noch junge heißblütige Burschen gibt.« Das Mädchen hatte unterdeß ein Linnentuch über den Tisch gebreitet, eine Schüssel kaltes Rauchfleisch und gewärmtes Sauerkraut aufgesetzt, und auch ein paar Gläser Bier eingeschenkt.	0	narrator

96	Dann legte sie neue Kienspäne auf die Kaminplatte und fachte die Flamme mit ihrem Athem an, bis sie knisternd hoch aufflackerte und die geräumige Stube leidlich erhellte.	0	narrator

97	Lichter wurden nicht angezündet, das Kaminfeuer mußte, so gut es gehen wollte, deren Stelle ersetzen. »	0	narrator

98	Nun langt zu, alter Vater, und Du, blonder Junge, sieh munter in die Welt!« ermahnte der Wirth seine Gäste, selbst zulangend und ein tüchtiges Rippenstück auf seinem hölzernen Teller, deren einen jeder Gast erhalten hatte, emsig zerlegend.	1	character

99	»Wart Ihr lange in Polen?« fragte er den Greis. »	1	character

100	Vordem ging viel Volks dahin, auch hier aus der Gegend.	1	character

101	Man erzählte sich Wunderdinge von dem billigen Leben in den polnischen Wäldern und von dem leichten Verdienst, den Einwanderer haben sollten, wenn sie die Feld- und Landwirthschaft verständen.	1	character

102	Es muß aber doch nicht so gar herrlich gewesen sein, sonst hätten sie wohl schwerlich die martialische Revolution gemacht, die nun ein so klägliches Ende genommen hat!	1	character

103	Habt Ihr auch darunter gelitten, alter Vater?	1	character

104	« »Persönlich bin ich verschont geblieben,« versetzte der Wende, »aber zwei meiner Enkel mußten den Aufstand mit ihrem Leben büßen.	1	character

105	Doch laßt uns davon schweigen!	1	character

106	Es ist nicht gut von Dingen reden, die nicht zu ändern sind.« »Gedenkt Ihr Euch wieder ganz in Deutschland niederzulassen?« nahm der Wirth das Gespräch abermals auf, da es ihm nicht gemüthlich war, sein Mahl stillschweigend zu verzehren.	1	character

107	Das hängt von Umständen ab,« erwiederte der Greis, »und vielleicht könnt Ihr mir selbst über Einiges, das für mich bestimmend sein dürfte, Aufschluß geben.« »Von Herzen gern, Landsmann.	1	character

108	Nur zugefragt und Ihr sollt Antwort haben, bis meine Zunge sich nicht mehr rühren kann.	1	character

109	« »Ihr seid doch hier einheimisch?« 	1	character

110	»Hier und aller Orten in der Haide bis hinauf an die Berge in den böhmischen Grenzen.« »Da werdet Ihr vermuthlich in früherer Zeit von einem vielbekannten und in seiner Art berühmten Manne gehört haben, den man zu meiner Zeit nur den Maulwurfsfänger nannte von dem Gewerbe, das er trieb	1	character

111	Wißt Ihr wohl, wo und wann der Mann gestorben ist und ob seine Verwandten noch leben?	1	character

112	Denn Kinder hat er meines Wissens nicht.	1	character

113	Wenigstens war er niemals verheirathet.« 	1	character

114	»So gerade heraus, alter Vater, kann ich auf Eure Frage nicht antworten.	1	character

115	Es gibt hier in den Haiden mehrere Maulwurfsfänger, alte und junge, die sich alle nähren, viel herumkommen auf den Dörfern, bei Bauern und Herren leicht Quartier finden	1	character

116	alle, der Eine mehr, der Andere weniger, einen guten Ruf haben.« »Derjenige, den ich meine, kann nicht zehn volle Jahre jünger sein, als ich.	1	character

117	Er war nicht aus der Haide, auch kein Wende von Geburt, sondern ein rechter hartköpfiger Oberlausitzer.	1	character

118	Bin ich nicht ganz irre, so lebten seine Aeltern auf dem Hahne unterm Hochwalde.	1	character

119	Später zog er aus dem Gebirge herunter und kaufte sich auf dem hohen Hübel zwischen Löbau und Herrnhut ein	1	character

120	Häuschen	1	character

121	Den Ort nannten sie dazumal insgemein ›den Todten‹, weßhalb wir den Mann scherzweise oft den todten Maulwurfsfänger hießen.	1	character

122	« »Mein Gott, mein Gott, wie ist mir denn?« sagte der Wirth im Haidekretscham. 	1	character

123	»Gewiß, ich kenne den Mann und sicherlich leb er noch und treibt sein Gewerbe so sachte hin immer noch fort;	1	character

124	wenn ich mich nur auf seinen Namen besinnen könnte.« »Mit dem Spitznamen hieß er Pink-Heinrich, weil ihm des vielen Sprechens wegen die Pfeife häufig ausging und er fortwährend genöthigt war, aufs Neue Feuer anzuschlagen, was die Oberländer ›pinken‹ heißen.	1	character

125	« »Meine Seel', alter Vater, Ihr habt Recht!« rief erfreut der Wirth aus, das erhobene Glas wieder niedersetzend, ohne es zum Munde zu führen. »	1	character

126	Der Mann lebt und wie Gesund und frisch wie ein junger Bursche und alert wie eine Forelle!	1	character

127	Weiß Gott, wie er es macht, daß ihn nichts auf Erden anficht, weder Krankheit, noch Krieg, noch Kummer noch Arbeit!	1	character

128	Er läuft wie ein Rebhuhn noch heut sein sechs Meilen des Tages und schläft dann auf harter Bank besser, als mancher großmächtige König und Herr in seinen weichen Pfühlen!	1	character

129	Ja das ist noch ein Mann, so unverwüstlich und herzerfreuend, wie die Berge, auf denen er jung geworden!« Zustimmend lächelnd nickte der Greis freundlich mit dem Kopfe. »	1	character

130	Ihr schildert den Pink-Heinrich meiner Jugend, den wackern Helfer in jeglicher Noth, den Freund aller Armen, Nothleidenden und Bedrückten und den unversöhnlichen, aber schlauen Feind rechtloser Gewalthaber!	1	character

131	Er lebt!	1	character

132	Gott, der Mann lebt!	1	character

133	Und wißt Ihr, wo ich ihn treffen, ihn sprechen kann?«	1	character

134	Zwar kam es dem Wirth sonderbar vor, daß sein Gast, der seit langer Abwesenheit tief aus den Wäldern des zerrütteten, mit Blut gedüngten, rechtlos unterjochten Polen kam, mit solchem Jugendfeuer von einem Manne sprach, der in der bürgerlichen Gesellschaft nicht mehr Geltung hatte, als der gemeinste Tagelöhner, indeß war er doch auch zu gutmüthig und mittheilsam, als daß er einen Gast, der noch dazu von Stamm sein Landsmann war, nicht die gewünschte Auskunft hätte geben sollen.	0	narrator

135	Wenn Euch daran gelegen ist, den Maulwurffänger zu sprechen,« versetzte er nach kurzem Besinnen, »so könnte ich Euch wohl einen Ort nennen, wo Ihr ihn sicher trefft, wenn die Witterung nicht ganz zum Davonlaufen schlecht wird.	1	character

136	Das Häuschen auf dem Todten hat er längst verkauft, weil's ihm zu einsam gelegen war und er die Aussicht nicht mehr leiden konnte.	1	character

137	Sie hatten ihm nämlich in den ersten zwanziger Jahren oder noch früher kaum eine Viertelstunde von seinen Fenstern am Saum des Waldes ein Rad aufgepflanzt und darauf die Gebeine eines Mordbrenners geflochten, der wohl ein halbes Dorf aus gemeiner Rache in Asche gelegt hatte.	1	character

138	Das verdroß ihn und so zog er in das letzte sächsische Dorf auf der Straße von Löbau nach Reichenbach.	1	character

139	Was ihn bewegen mochte, gerade diesen Ort zu wählen, weiß ich nicht anzugeben.	1	character

140	Es muß aber wohl eine besondre Bewandtniß damit haben.« »Wie so?« warf der Greis fragend ein.	1	character

141	»Ich vermuthe dies blos, weil der Mann so lange ich ihn kenne, und das mögen jetzt an die zwanzig Jahre her sein, alle Sonntage, dir Gott werden läßt, und an denen nicht Hagen oder todbringendes Schneewetter die Wege ungangbar macht, in die Königshainer Berge wallfahrtet.	1	character

142	Kennt Ihr den Todtenstein?	1	character

143	« »Ob ich ihn kenne!« sagte der Greis, die Hände faltend und seine großen blauen Augen mit schauerlichem Ernst zum Himmel aufschlagend. »Nun seht,« fuhr der Wirth fort, den die geheimnißvolle Schweigsamkeit des alten Wenden immer mehr anzog, »heut ist Sonnabend, will's Gott, und wenn Ihr morgen in der Frühe mit Eurem ungläubigen Kutscher aufbrecht und die Richtung nicht ganz verliert, auch Euer gottserbärmliches Gerüll von Wagen nicht auf unsern mitunter holprigen Wurzelwegen zerbricht, so mögt Ihr in den ersten Nachmittagsstunden am Fuße der Königshainer Berge ankommen.	1	character

144	auf den Weg und geht schnurstracks nach dem Todtensteine, den Ihr in einer guten halben Stunde vom Gasthofe aus erreichen könnt, so werdet Ihr unter irgend einer der vorspringenden Felsenkanten den Mann, den Ihr sucht, in stilles Nachdenken verloren sitzen sehen!	1	character

145	Ob er ein Anhänger des lieben Heidenthums ist, das vor alten Zeiten in der Gegend gehaust haben soll, oder ob er heimlich Schätze gräbt oder gar mit den Geistern und Holzweibeln Verkehr treibt, die um die schauerlichen Klüfte schweben und ihre unheimlichen Weisen singen, das weiß ich nicht und mag's auch nicht wissen!	1	character

146	Aber ich will kein Wort wendisch mehr sprechen, wenn Ihr dem Pink-Heinrich nicht am Todtensteine begegnet!«	1	character

147	Sichtlich erheitert reichte der alte Wende dem Wirth die Hand über den Tisch, dankte und trank ihm nach altwendischer Sitte zu.	0	narrator

148	»Gott segne Euch und Euer Haus für diese Auskunft!« sagte er.	1	character

149	»Ruhiger, als ich glaubte, lege ich jetzt mein weißes Haupt auf das Stroh nieder, das auf dem Boden meiner theuren Heimath gewachsen ist!	1	character

150	Schwere, traurige, furchtbare Schicksale vertrieben mich daraus und ich verließ sie mit der lähmenden Gewißheit, sie nie mehr wieder zu sehen.	1	character

151	Aber der Herr hat es anders mit mir beschlossen.	1	character

152	Er will vielleicht die Wunden, welche seine prüfende Hand meinem armen Herzen in den Jahren der Kraft schlug, jetzt im Alter heilen und einen vollen, segnenden Strahl seiner Gnade mir schenken!	1	character

153	Sein Name sei gepriesen, was mir immer begegnen möge, aber verdreifacht wird mein Glaube werden, der mich stets aufrecht erhalten hat in Noth und Elend, wenn ich diese abgehetzten Glieder endlich nach langer Irrfahrt an meiner Aeltern Grabe zur Ruhe niederlegen sollte.« Der Greis sprach so ernst und feierlich, daß selbst dem etwas neugierigen Wirth, der gern heiter und launig war, die Wiederanknüpfung des Gespräches verleidet ward.	1	character

154	Er schwieg gänzlich, auch der jüdische Kutscher mit seinem Sohne flüsterte nur leise, dagegen erhob die spinnende Alte, die schon längst wieder ihrer Gewohnheit nach die Spindel drehte und ein Gespräch nur dann beachtete, wenn Worte darin vorkamen, die irgend ein vergangenes Ereigniß urplötzlich in ihr unklares Gedächtniß zurückriefen, abermals ihre Stimme.	0	narrator

155	Phantastisch die linke Hand schüttelnd, sprach sie in singendem dumpfem Tone: »Zu Haus, im Felde Zwiefache Noth!	1	character

156	Schlimm ist's	1	character

157	für Jeden,	1	character

158	Der hat kein Brod!«	1	character

159	Dann fiel sie sogleich in ein lustiges Gelächter, stampfte taktmäßig mit dem Fuße auf das Bänkchen ihres Rockenhalters und sang munter und fröhlich, den Kopf hin und her wiegend und häufig laut dazwischen auflachend, indem sie die Spindel in hohen Bogen um sich tanzen ließ: »Tom tom tinz, Sie buck 'ne Blinz;	1	character

160	Tom, tom tich, 	1	character

161	Drauf lüstert's mich.	1	character

162	Tom tom tin, Sie gab mir ihn;	1	character

163	Tom tom tauf, Ich aß ihn auf. Tom tom	1	character

164	, Ich wollte mehr; Tom tom ticht, Sie gab mir's nicht.	1	character

165	Tom tom terr, Da kam der Herr, Tom tom tort, Ich wälzt' mich fort.« »Wollt Ihr nicht Feierabend machen, Mutter Maja?« sagte jetzt der Wirth zu der wunderlichen Alten, als sie den barocken Gesang endigte.	1	character

166	»Ihr habt ja bald einen ganzen Rocken abgesponnen und was soll ich mit dem vielen Garne anfangen bis Weihnachten?	1	character

167	Der Garnsammler kommt nicht vor Neujahr, wie Ihr wißt, und in unserm ganzen Hause gibt's so viel Mäuse, daß weder Speck noch Flachs einen Tag lang sicher sind.	1	character

168	Schade um Euer schönes Gespinnst!« »Wohl gesprochen, mein Sohn!	1	character

169	Ich will schlafen gehen,« erwiederte die Alte, schob den Rocken bei Seite und steckte die Spindel darauf.	1	character

170	»Des Nachts seh' ich die Wassernixen tanzen, und wenn sie singen und mit mir reden, macht's mir keinen Aerger, wie das dumme Geschwätz der Mägde.	1	character

171	Gute Nacht, Jürge; wünsche angenehme Ruhe, edle Herren!« 	1	character

172	Sie stand auf und machte ein paar tiefe Knixe gegen die Fremden, worauf sie langsam die Thür aufstieß und quer über die Hausflur nach ihrer eigentlichen Wohnung schritt.	0	narrator

173	Denn Mutter Maja lebte als Wittwe des früheren Wirthes und als Mutter des jetzigen im Ausgedinge.	0	narrator

174	»Es ist übel mit solchen alten Leuten,« sagte Jürge zu seinen Gästen.	1	character

175	Mit Härte und Gewalt ist nichts von ihnen zu erlangen und Güte und freundliches Zu reden fruchten blos dann, wenn sie grade mit ihrem verworrenen Gedankengange im Einklange stehen.	1	character

176	Die arme Mutter!	1	character

177	So treibt sie's nun alle Tage schon seit Jahren!	1	character

178	Bald bricht sie in herzerschütterndes Weinen aus und singt die traurigsten Lieder unseres Volkes, bald, ehe man die Hand umdreht, lacht und jubelt sie und erinnert sich der schabernäckischen Weisen, mit denen die jungen Burschen ihre Mädchen bei der Spinte und auf dem Felde necken.	1	character

179	Denn Ihr müßt wissen, daß Maja die erste Liederkennerin im ganzen Wendenlande ist.	1	character

180	Fragt sie, wonach Ihr immer wollt, sie wird Euch Rede stehen und auf jedes Begegniß, auf jede Verrichtung im gewöhnlichen Leben einen passenden Vers, ein Lied oder einen Spruch wissen!	1	character

181	Deßhalb kommen auch Sonntags im Winter die Burschen oft stundenweit her zu mir, um von der Mutter neue Lieder und Melodien zu lernen, und es geht dann in meiner einsamen Schenke häufig lustiger zu, als im besuchtesten Kretscham großer Hofedörfer.« Nach seiner Weise gab der Greis seine Zustimmung durch Kopfnicken zu erkennen.	1	character

182	Die heitere, unbefangene Unterhaltung des Wirthes gefiel ihm und er hätte gern noch etwas Näheres über die Verhältnisse des Mannes und seiner alten gestörten Mutter erfahren, da ihm die Schicksale seiner Stammesgenossen immer wichtig erschienen, weil er selbst von den traurigsten nicht verschont geblieben war, allein die Müdigkeit Pauls, der schon während des Essens eingenickt war, und der Wunsch, am nächsten Morgen zeitig wieder aufzubrechen, bestimmten ihn, für diesmal neue Erörterungen zu unterlassen.	0	narrator

183	Er bat daher den Wirth, daß er die Streu für ihn möge bereiten lassen, was dieser bereitwillig selbst unternahm.	0	narrator

184	Der Knecht, der schon geraume Zeit am Ofen gesessen hatte, führte den Juden in den Stall und wies ihm und seinem Sohne auf dem Futterkasten eine warme Lagerstatt an.	0	narrator

185	»Solltet Ihr früher wach sein, als ich oder meine Leute,« sagte der Wirth, nachdem die Streu auf umgestürzten Schemeln bereitet war, so dürft Ihr blos mit dem Deckel des Ofentopfes herzhaft klappern.	1	character

186	»Das ist unsere Klingel, für die wir allesammt ein gar feines Ohr haben.	1	character

187	Gute Nacht, der Herr behüte Euch!«	1	character

188	Er drückte seinen Gästen nochmals die Hand und ging dann ohne Licht, wie die Uebrigen, in die an die Wohnstube stoßende Schlafkammer.	0	narrator

189	Zweites Kapitel.	0	narrator

190	Eine Eröffnung. Unter halblautem Gebet streckten sich Greis und Jüngling auf die duftige Streu.	0	narrator

191	Wie schläfrig aber auch Paul den ganzen Abend gewesen war, so munter ward er jetzt, als jedes Geräusch um ihn her verstummte.	0	narrator

192	Die bleichen Flämmchen, die noch zuweilen über dem Aschenhäufchen des erlöschenden Kaminfeuers gaukelten	0	narrator

193	, zogen seine Aufmerksamkeit auf sich und beschäftigten seine Einbildungskraft.	0	narrator

194	Die todte Stille der Haide, von keinem Thierlaut unterbrochen, wirkte gewaltiger auf den Geist des Jünglings ein, als das verworrenste Gelärm.	0	narrator

195	Die Nacht war so still, daß nicht einmal das fast nie feiernde leise Rauschen der Wälder, dies Athmen der Natur, gehört ward.	0	narrator

196	Sanft rieselnd schlug ein feiner Regen an die Fenster, dem sich bald das lautere Plätschern einer ausgießenden Dachrinne auf die Steinplatten vor dem Hause zugesellte.	0	narrator

197	Das wiederholte tiefe Aufseufzen des Großvaters sagte ihm, daß auch diesen der Schlummer fliehe.	0	narrator

198	Jetzt mehr als vorher, wo fremde Gesichter ihn störten, zum Reden aufgelegt, sprach er zu dem Greise: »Ihr schlaft auch nicht, Großvater?«	1	character

199	Mit den Jahren kommt der Schlaf nur langsam, doch laß Dich dadurch nicht in Deiner Ruhe stören, Paul!	1	character

200	« »Mir ist's, als hätt' ich schon ausgeschlafen.	1	character

201	Hört nur, wie es regnet!« 	1	character

202	»Haidewetter, nichts weiter!« 	1	character

203	»Großvater, ich möcht' Euch was fragen.« »Wer verwehrt es Dir?	1	character

204	»Haben wir noch weit bis an den Ort, wo meine selige Mutter geboren ward?	1	character

205	« »Nein, Paul!	1	character

206	Wir kommen aber vor jetzt nicht dahin.« »Aber warum denn nicht?	1	character

207	Ich möchte so gern das Haus sehen, wo sie gewohnt, wo sie Euch gepflegt und geliebt hat.«	1	character

208	Der Greis richtete sich auf und wendete sein patriarchalisches Gesicht dem Enkel zu.	0	narrator

209	Die hüpfenden bläulich rothen Flämmchen am Kamin beleuchteten ruckweise seine ausdrucksvollen, von Schmerz durchfurchten, aber in Demuth gefaßten Züge.	0	narrator

210	»Paul,« sprach er, »ich habe, als wir zusammen die weite Reise antraten, versprochen, deren Veranlassung und Zweck Dir an dem Tage zu erklären, wo wir das Land unserer Väter betreten würden.	1	character

211	Dieser Tag ist gekommen, und da es scheint, als wolle Gott mein Gebet erhören und mir die letzten Stunden meines Lebens aufheitern, so will ich gleich jetzt mein Wort lösen und Dich, so weit es frommt, in das einweihen, was die Zukunft auch von Dir erheischen wird.	1	character

212	»Du hast mich oftmals gefragt,« fuhr der Greis fort, »weshalb ich, da es doch sonst Niemand zu thun pflegt, mit ledernem Riemen mir Haar und Stirn umwinde? Es geschieht dies zur Erinnerung an eine schwere und furchtbare Vergangenheit, deren Schauplatz diese endlose Haide und deren Umgegend ist.	1	character

213	Oft, lieber Paul, ehe die blutige Revolution in Polen ausbrach, hast Du den Zustand der elenden unwissenden Bauern beklagt, die jeder Laune ihrer hochmüthigen, brutalen Herren demüthig nachkommen müssen und nicht einmal murren dürfen, wenn sie unmenschlich gemißhandelt, gleich dem Vieh mit Füßen getreten werden.	1	character

214	Es ist dies das beklagenswerthe, empörende Loos aller Leibeigenen, es war auch das meine, Paul, als ich hier lebte, denn Dein Großvater war ein Leibeigener!« Hier überwältigte das Gefühl den alten Wenden, die Stimme versagte ihm, in lautem Schluchzen und weinend barg er sein Antlitz in die zitternden Hände.	1	character

215	»O Gott, o Gott!« rief Paul.	1	character

216	»Wie kann dies möglich sein!«	1	character

217	»Es war noch weit mehr möglich,« versetzte der Greis, sich wieder beruhigend. »	1	character

218	Höre mich an und schweige!	1	character

219	– Wir, die wir einem und demselben Herrn unterthan waren, wir erhielten von ihm am Tage der Confirmation den Stirnriemen als Schmuck und Zierde, wenn Du willst als Abzeichen.	1	character

220	Wie man den Schaafen mit glühendem Eisen eine Ziffer in ihre Wolle brennt damit kein Anderer sie als sein Eigenthum ansprechen kann, so legte uns unser Herr und Gebieter diesen schimmernden Sclavenring um die freie Stirn, um uns aus allem Volk heraus zu erkennen und sein Recht auf uns geltend zu machen!	1	character

221	Du wirst sagen, wir hätten ja nur dieses Band der Schmach wegwerfen und fliehen dürfen, um frei, um Menschen zu werden, aber das war nicht so leicht!	1	character

222	Einmal ist der in schimpflicher Abhängigkeit geborene Mensch von Natur feig und nur im Augenblick wilder Aufreizung zu selbstständigen Thaten und Entschlüssen fähig, und sodann gab es tausend Verräther aus Furcht vor Strafe.	1	character

223	Nie gelang es einzelner Flüchtlingen, für immer zu entkommen.	1	character

224	Man entdeckte ihre Spur, ehe sie noch die Grenzen überschritten hatten, und dienstwillig lieferte sie ein Herr dem andern aus!« »Aber Ihr entkamt ja doch, Großvater Ihr fandet in Polen Aufnahme und ein freies Leben, warum kehrt Ihr nun dahin zurück, wo es Euch so elend erging, und noch dazu mit der Abzeichen der Knechtschaft um die Stirn?	1	character

225	« »Ja,« sagte der Greis, »ich entkam, aber nicht allein, nicht, weil ich es überdrüßig was zu dienen, sondern in Folge eines Ereignisses wovon Du später hören sollst!	1	character

226	Warum ich hieher zurückkehre und das Band der Sclaverei trage?	1	character

227	Nun, ich suche am Rande des Grabes mein Vaterland auf, um Gerechtigkeit zu fordern oder Rache zu üben!	1	character

228	Und ich habe diesen Reif der Schmach und Schande bis heut getragen, damit er mir in jeder Minute ein ernster Mahner sein möge nicht blos an mein eigenes vergangenes Elend, sondern an die rechts- und naturwidrige Unterdrückung von tausenden meiner Brüder!	1	character

229	Längst hätte ich zu sterben gewünscht, denn ich habe alle meine Angehörigen begraben, wäre nicht die Bitte stärker gewesen, die ich an Gott richtete, mich noch die Zeit erleben zu lassen, wo das Wort Sclaverei nur noch in der Sprache, nicht mehr in der Welt existirt!	1	character

230	So lebe ich noch, und ich fürchte noch lange leben zu müssen, sollte der Herr der Sterne die Wünsche der Sterblichen dem Wortsinne nach erhören!« »Gewiß, Gott wird Euer Gebet erhören!« sagte Paul mit der naiven Zuversicht eines jungen Menschen, der noch geneigt ist, die Lehren der Schule ohne Bekrittelung als untrüglich hinzunehmen.	1	character

231	»Ihr werdet dann auch Eure Enkelin, meine Schwester, wiedersehen, von der ich Euch so oft heimlich mit der Mutter sprechen hörte, wenn sie heftig weinte und keinen Trost finden konnte.«	1	character

232	Ein letztes Aufflackern des Kaminfeuers warf bei diesen Worten helle Lichter auf den Greis.	0	narrator

233	Paul er schrak, als er die entsetzten Mienen des Großvaters gewahrte, die seine Bemerkung hervorgerufen hatte. »Um Gott, Großvater!« schrie der Jüngling auf und warf sich an die breite Brust des Greises.	1	character

234	»Was ist Euch?	1	character

235	Ihr seht ja bleich, wie die steinernen Männer auf den Kirchhöfen, und Eure Augen glühen wie Kohlen!« »Fürchte Dich nicht,« erwiederte der Alte, schwer aufathmend.	1	character

236	»Ich zürne nicht, ich bin auch nicht krank, ich wußte nur nicht, daß schlafende Kinder zuweilen wachen.« »Ich darf also hoffen, meine Schwester zu sehen?« fragte Paul nochmals.	1	character

237	»Deine Schwester!	1	character

238	Nun ja, ja, Du hast oder hattest eine Schwester, aber ich weiß doch nicht, ob Ihr einander liebhaben würdet!« 	1	character

239	»Hat denn die selige Mutter nie etwas von ihr gehört?« »Sie war verschollen oder verloren gegangen, ehe wir auswanderten,« erwiederte ausweichend der Greis.	1	character

240	»Das ist traurig!« sagte Paul.	1	character

241	»Ich war immer der Meinung, jener Brief mit dem zerbrochenen Kreuz, der Euch so heftig erschütterte, sei von dieser unbekannten Schwester und ihr gelte unser Besuch, nachdem wir in Polen keine näheren Freunde mehr hatten.« »Allerdings war es jener Brief, den ich noch auf meinem Herzen trage, welcher mich zum Verkauf meines kleinen Höfchens veranlaßte.	1	character

242	Er rührte von dem Manne her, den wir morgen aufsuchen wollen.	1	character

243	Der Maulwurffänger war, so lange ich in meiner Heimath lebte, mein treuester, uneigennützigster Freund.	1	character

244	Er war der Letzte, dem ich beim Abschiede die Hand drückte und der mir wiederholt die Versicherung gab, daß er nie aufhören würde, meiner zu gedenken und nach Kräften für Freimachung meiner Stammbrüder zu wirken.	1	character

245	Wir versprachen uns gegenseitig, einander zu schreiben, aber die Sorgen und Mühen schwerer Jahre ließen mich dies Versprechen scheinbar vergessen.	1	character

246	Ein einziges Mal bald nach meinem Anlauf meldete ich dem Freunde, wie es mir in der Ferne gehe, und bald kam ein ausführliches Antwortschreiben zurück, das neben manchem lustig klingenden Schwank viel Trauriges enthielt.	1	character

247	Mir fehlte es an Zeit und Stimmung, darauf zu antworten, und so erfuhr ich auch nichts mehr von dem aufopfernden Freunde.	1	character

248	Nur die Hälfte des Messingkreuzes, das wir beim Abschiede theilten, damit es uns als Erkennungszeichen dienen möge am Tage der Noth oder des Glücks, bewahrte ich sorgfältig auf.	1	character

249	Der Brief des Maulwurffängers enthielt die andere Hälfte und eben dies zeigt mir an, daß er mir Eröffnungen von außerordentlicher Wichtigkeit zu machen hat.« »Habt Ihr ihm denn unsere Ankunft gemeldet?« 	1	character

250	»Wie hätte ich dies vermocht!	1	character

251	Auch bedarf es dessen nicht!	1	character

252	Ich kenne den Muth und die Ausdauer Heinrichs, der nicht müde werden würde, täglich nach mir auszuschauen und die Hoffnung erst mit dem letzten Athemzuge aufzugeben.	1	character

253	Ist er, wie der Wirth versichert, wirklich noch am Leben, so finden wir uns irgendwo zusammen, um uns fernerweit zu berathen.« »Nun dann, Großvater, laßt uns freudig Vertrauen fassen,« sagte Paul. »Unangefochten haben wir den alten theuren Vaterlandsboden betreten, sind herzlich begrüßt worden von diesem Fremden und wissen sogar die Wege, die wir gehen sollen.	1	character

254	Weßhalb da noch zagen und fürchten!	1	character

255	Laß uns gemeinschaftlich den Allmächtigen anrufen und auf unsern Knien ihn um Erhörung bitten.	1	character

256	Er wird dann die milden Schatten des Schlummers über unsere Augen breiten und die trüben Erinnerungen in unsern Seelen auslöschen, bis das Licht des neuen Tages uns weckt.«	1	character

257	Die ungeheuchelte natürliche Frömmigkeit des Enkels rührte den Greis und gab ihm wirklich ein Vertrauen, das eigener Wille nicht mehr lebendig machen konnte. »Amen!	1	character

258	Amen!« versetzte er. »	1	character

259	Du sprichst, wie rechtgläubige Christen handeln sollten.	1	character

260	Komm denn und laß uns beten!«	1	character

261	Und der Greis kniete auf sein Strohlager, streckte die Arme nach seinem jungen Enkel aus und schloß ihn fest an seine Brust.	0	narrator

262	Paul aber begann mit bewegter, halblauter Stimme eines jener langen, aus einer Menge Bibelsprüche und Liederversen zusammengesetzten Gebete, worauf die Landleute besonders viel halten, herzusagen.	0	narrator

263	Andächtig und gemessen wiederholte der Greis jeden Satz, und wer diese beiden in hoffnungreiches Gebet tief Versunkenen so treuherzig und kindlich gläubig einander umschlingen gesehen hätte, der würde nicht ungerührt vorüber gegangen sein und, wäre er ein Verächter des Glaubens gewesen, vielleicht mit dem Seufzer des Zöllners an seine Brust geschlagen haben.	0	narrator

264	Wohl eine Viertelstunde beteten Großvater und Enkel.	0	narrator

265	Dann küßte Paul die faltige Stirn des Greises und Beide legten sich wieder auf die harte, prunklose Streu.	0	narrator

266	Noch hörten sie eine Zeitlang das raschelnde Brüseln des feinen Regens an den Fensterscheiben, zählten die Tropfen, die in gemessenen Pausen durch eine schadhafte Stelle des Daches über ihnen auf einen metallenen Gegenstand fielen, und versanken dann unmerklich in einen erquickenden traumlosen Schlummer, aus dem sie erst durch das Knarren der Thür wieder erweckt wurden, welche zur Kammer des Wirthes führte.	0	narrator

267	Drittes Kapitel.	0	narrator

268	Der Todtenstein. Ein kühler Nordwestwind hatte über Nacht die Regenwolken zerstreut und die rein und klar aufgehende Sonne verhieß einen schönen Tag.	0	narrator

269	Mit freundlichem »guten Morgen!« grüßte der Wirth seine Gäste, die schnell aufstanden und die Strohhälmchen, welche an Haaren und Kleidern hängen geblieben waren, abschüttelten.	1	character

270	»Ihr habt eine ruhige Nacht gehabt unter meinem Dache, will ich hoffen?« sprach der Wirth, klappte den Deckel des Ofentopfes auf und fuhr mit beiden Händen in das noch laue Wasser. »	1	character

271	Schönes Reisewetter heut und gute Haidewege!	1	character

272	So ein anhaltender Nachtregen ist der beste Wegausbesserer.	1	character

273	Ihr findet harten Sand bis an die bergigen Lande hin.« Ohne die Antwort der Reisenden abzuwarten, schlug er den kupfernen Deckel jetzt drei Mal laut schallend zu, worauf die hübsche Magd vom vorigen Abend den Kopf zur Thür hereinsteckte und nach seinem Begehr fragte. »Zünde Feuer an, Lene!« befahl der Wirth, »Der Morgen ist schaurig, und ehe die Sonne über die Haide geht, fegt uns der Wind die ganze Stube aus.	1	character

274	Du kannst auch ein Kienfeuerchen anmachen der Heimlichkeit wegen und hörst Du, sag' dem Knecht, er solle das faule Judenpack wecken und ihm die Pferde unserer Nachtgäste anschirren helfen!	1	character

275	Ihr wollt doch bei Zeiten aufbrechen,« fuhr er, zu dem Greise gewandt, fort, »oder habt Ihr Euch anders besonnen?« »	1	character

276	Mein Beschluß steht fest.	1	character

277	Sobald der Fuhrmann gefüttert hat, brechen wir auf.«	1	character

278	»Doch zuvor eßt Ihr noch ein paar Löffel frische Grützsuppe.	1	character

279	Die Lene versteht sich auf die Kocherei, wie selten eine Dirne.	1	character

280	Euer Lebtage, sag' ich	1	character

281	, habt Ihr in Polen keine solche Grützsuppe gegessen, wie ich sie Euch vorsetzen werde.«	1	character

282	Dankbar nahmen die Reisenden diesen Vorschlag an und gaben gern schon dem freundlichen Wirthe zu Gefallen zu, daß die genannte Morgenspeise untadelig und überaus vortrefflich sei.	0	narrator

283	Nach diesem derben kräftigen Frühstück berichtigte der Greis die billige Zeche und verabschiedete sich von dem Schenkhalter.	0	narrator

284	»Habt Dank,« sprach er, »für Quartier, Kost und gute Auskunft, die Ihr mir gegeben.	1	character

285	Der Herr vergelt's Euch tausend Mal, und sollten wir uns einmal wieder zusammenfinden, will's Gott, so möge unser Wiedersehen ein recht fröhliches sein.	1	character

286	Behüt'	1	character

287	Euch Gott	1	character

288	!« »Reis't glücklich, alter Vater, und macht gute Verrichtung!	1	character

289	Aber sagt, wollt Ihr mich so fremd wieder verlassen, als Ihr in mein armes Haus getreten seid?	1	character

290	Es ist Sitte bei uns, daß ein Nachtgast seinen Namen zurückläßt.	1	character

291	Also, wie nennt Ihr Euch?« »Jan Sloboda,« versetzte der Greis.	1	character

292	»Der Name erlöscht mit meinem Tode, da ich keine männlichen Nachkommen habe.« »	1	character

293	Gottes Segen auf Euer Haupt, Jan Sloboda!« rief der Wirth, schüttelte dem Alten wiederholt die Hand und half ihm in das zerbrechliche Fuhrwerk steigen, das bereits vor der Thür auf die Reisenden wartete.	1	character

294	Der schmächtige jüdische Knabe sprang auf den Wagentrim der Kutscher pfiff den Pferden und in munter Trabe ging es fort an dem Wiesenrande hin in die rauschende, harzduftige Haide hinein.	0	narrator

295	Der sandige, vom Nachtregen festgeschlagen Weg führte dicht an den großen Teichen von über, die alle nur durch schmale Dämme getrennt waren und mittelst Schleußen mit einander in Verbindung standen.	0	narrator

296	Zusammen bildete sie eine ansehnliche Wasserfläche, die auf alle Seiten von der dichtesten Haide umschlossen ward.	0	narrator

297	Ein paar Vorwerke, Torfhütten und ein Forsthaus lagen in der Nähe auf ausgerodetem Haideboden.	0	narrator

298	Der Fahrweg streifte fast die Försterwohnung, bog alsdann wieder in die Kieferwaldung ein und verlor sich im Dunkel der hohen, rauschenden Stämme.	0	narrator

299	Die Reisenden brauchten ein paar Stunden, um diese Wälder in querer Richtung zu durchschneiden, und sie würden auf diesem einförmigen Wege lange Weile gehabt haben, wären sie nicht von Zeit zu Zeit an Köhlerwohnungen und Pechsiedereien vorübergekommen, um die es immer ein buntes Gewimmel von Menschen gab.	0	narrator

300	Auf freien, hochgelegenen Plätzen im Walde, über die sich die Straße zog, sahen die Reisenden auch über dem unabsehbaren schwarzen Dickicht die blauen Rauchsäulen der Meiler an hundert Orten zugleich in die kühle Morgenluft steigen.	0	narrator

301	Mit dem Aufhören der Haide nahm die Gegend sogleich einen andern Charakter an.	0	narrator

302	Thäler, Hügel, Berge und Felsgruppen traten zu romantischen Aus-und Ansichten zusammen.	0	narrator

303	Klare, lebendige Bäche hüpften murmelnd über Kies und schimmerndes Gestein.	0	narrator

304	Heitere Dörfer zogen sich in Thälern und an Hügeln hin.	0	narrator

305	Kirchthürme blinkten im Sonnenschein und die hohen Giebel und alten Thurmzinnen manchen Edelhofes sahen aus ehrwürdigem Ulmen- und Eichengebüsch hervor.	0	narrator

306	Das Geläut der Glocken, die zur Kirche riefen, ertönte auf allen Seiten, und berührten die Reisenden ein Dorf, so begegneten sie häufig geschmückten Mädchen und Frauen, die wohl dem ungewohnten Fuhrwerk verwundert nachsahen.	0	narrator

307	Obwohl der Jude seine Pferde tüchtig antrieb, war die Mittagsstunde doch schon vorüber, als das am Fuß seiner romantischen Gebirge prächtig gelegene Königshain den Reisenden sichtbar ward.	0	narrator

308	Paul konnte sich nicht satt sehen an den vielen wechselnden Fernsichten und den sonderbar gestalteten Gipfeln der Berge, die kühn und phantastisch hinter dem im Thale liegenden volkreichen Orte emporstiegen.	0	narrator

309	Hätte Sloboda ihn nicht belehrt, daß er nur uralte Felsgebilde vor sich habe, so würde der schaulustige Jüngling mit Zinnen und Wartthürmen geschmückte ungeheure Burgtrümmer aus dem Mittelalter zu erblicken geglaubt haben.	0	narrator

310	Von einer Menge gaffender Kinder umgeben, erreichte das polnische Fuhrwerk den Gasthof.	0	narrator

311	Hier beschloß der Greis bis auf Weiteres zu rasten, ließ ein Mittagsmahl auftragen und erkundigte sich, gleich einem Fremden, nach den Sehenswürdigkeiten der Gegend und namentlich nach den umliegenden merkwürdigen Felsbergen.	0	narrator

312	Der Wirth war sogleich bereit, jede möglich Auskunft zu geben.	0	narrator

313	Er hielt die Reisenden für Russen schon wegen der ungewohnten Tracht des Greises und pries ihnen die wundervolle Aussicht auf den nahen Bergen, namentlich auf dem Todtensteine, mit beredter Zunge an.	0	narrator

314	»Den Todtenstein, ja, den müssen Sie sehen, meine Herrschaften,« sagte er, auf einem Schemel neben den Reisenden Platz nehmend und behaglich seine Pfeife rauchend.	1	character

315	»Das ist ein Felsen, wie es keinen mehr gibt in deutschen Landen!	1	character

316	Die Gelehrten aus Görlitz und Dresden und andern berühmten Städten kommen blos hieher, um die alten Steine zu beschauen, und ich habe von den gelahrten Herren manch wundersames Wort vernommen, wenn sie nachher mit einander bei einem Glase Bier hier an demselbigen Tische über das Gesehene und Gefundene discurirten.	1	character

317	Sie müssen nämlich wissen, meine Herrschaften, daß hier herum und weit ins Land hinein, sogar bis hinauf in die Gebirge vor alten Zeiten dumme und blinde Heiden gewohnt haben, von denen die Wenden nach Löbau zu und weiterhin noch ein Ueberrest sind.	1	character

318	In meiner Jugend gab's	1	character

319	ganz in	1	character

320	der Nähe noch einzelne wendische Bauern, jetzt aber sind sie schon seit Jahren theils ausgestorben, theils weggezogen.	1	character

321	Es hieß, sie hätten sich nicht mit den Deutschen vertragen können, was leicht sein kann, denn es ist ein hartköpfiges, abergläubisches Volk, das eine Sprache redet, wie sie kein Hund bellt!	1	character

322	– Aber, was ich sagen wollte, die Herren Gelehrten und Bücherschreiber haben es richtig herausgebracht, daß diese alten Heiden auf dem Todtensteine ihre götzendienerischen Opfer gehalten, ihre Feinde geschlachtet und sie nachher mit Stumpf und Stiel verbrannt haben.	1	character

323	Denn grausam, ach grausam war das Volk ganz abscheulich!	1	character

324	Letzthin erst, es sind noch keine vier Wochen her, haben ein paar Gelehrte, die über acht Tage lang in den alten Klüften herumgekrochen sind und alle Spalten visitirt und genau beguckt haben, eiserne Ringe gefunden und Kettenglieder und einen steinernen Schlägel, den sie ein Opferbeil nannten, und Blutkrüge und Schüsseln und mehr solch Zeug, was Alles die wendischen Götzenpriester bei ihren Opferfesten brauchten.	1	character

325	Deswegen, meine Herrschaften, weil entsetzlich viel Blut da oben vergossen worden ist, heißt der Fels auch bis auf den heutigen Tag der Todtenstein!«	1	character

326	Nach diesen Bemerkungen, die Sloboda dankend hinnahm, erbot er sich, da es gerade Sonntag sei und er weiter nichts zu thun habe, die Reisenden, wenn sie es wünschen sollten, zu begleiten.	0	narrator

327	Damit war aber dem Greise nicht gedient, weshalb er für diese Gefälligkeit dankte unter dem Vorwande, daß er schwerlich schon heut dazu kommen werde, die umliegenden Berge zu besteigen, indem wichtige Geschäfte seine Zeit in Anspruch nähmen, an einem der nächsten Tage dagegen würde es ihm sehr angenehm sein, wenn er ihm einen der Gegend kundigen Führer verschaffen wolle.	0	narrator

328	Der Wirth stand sogleich von seinem Vorhaben ab, da er auf ein längeres Verweilen der Reisenden hoffen durfte, und Sloboda konnte sich nach einiger Zeit in Pauls Begleitung unbemerkt entfernen.	0	narrator

329	Auf Stegen, die ihm noch wohl bekannt waren, führte Sloboda seinen Enkel aus dem Dorfe.	0	narrator

330	Ein vielspuriger Feldweg zog sich den Berg hinan, dessen Gipfel die hohe und breite Steinmasse der granitenen Burg schmückte.	0	narrator

331	Links und rechts war der Berg eine gute Strecke hinauf bebaut, bis Steingeröll, Schlinggewächse und Schwarzholz das fruchttragende Erdreich verdrängten.	0	narrator

332	Etwa einen Büchsenschuß von dem Todtensteine entfernt hörte der eigentliche Weg auf.	0	narrator

333	An dieser Stelle übersah man das reich angebaute Land mit seinen Dörfern, Schlössern und Kirchen bis weit in die Lausitz hinein.	0	narrator

334	Sloboda blieb stehen und kehrte sich um.	0	narrator

335	Eine Thräne rieselte über seine gefurchten Wangen, und indem er Pauls Hand ergriff und auf die sich kreuzenden Pfade deutete, deren eine Menge nach allen Seiten liefen, sprach er: »Das ist der Ort, wo das große Unglück begann!« 	1	character

336	»Welches Unglück, Großvater?« »Das mich vertrieb, mich flüchtig und heimathlos machte und Dich unter einem fremden Volke geboren werden ließ.« »Und das meine arme Mutter nie vergessen konnte?« »Das sie nie vergessen durfte	1	character

337	!« wiederholte Sloboda mit dumpfem Zornesgrolle.	0	narrator

338	»Ach warum habt Ihr so oft davon gesprochen und mir doch nie gesagt, worin es bestanden hat!« »	1	character

339	Weil es unnütz gewesen wäre!	1	character

340	Doch jetzt Paul, ist vielleicht die Zeit gekommen, wo Du erfahren mußt, was Deine Mutter, Dein Vater, was ich und alle Diejenigen erduldet haben, die vor vierzig und mehr Jahren in diesen gesegneten Fluren lebten!	1	character

341	Darum laß uns eilen!	1	character

342	Dort oben unter den drohenden Granitklippen des Todtensteines wird sich das Räthsel lösen!	1	character

343	« Mit sonderbaren Gefühlen traten die beiden Reisenden in das gelichtete Holz einen schmalen Fußsteig hinanklimmend, der du	0	narrator

